mesprague = Matt Sprague <mesprague@gmail.com>
hantek = Teng Lin <tlin@nd.edu>
dcurtis3 = Donald Ephraim Curtis <dcurtis3@sourceforge.net>
ghutchis = Geoffrey Hutchison <geoff@geoffhutchison.net>
cryosuk = Marcus D. Hanwell <marcus@cryos.org>
timvdm = Tim Vandermeersch <tim.vandermeersch@gmail.com>
benoitjacob = Benoit Jacob <jacob.benoit.1@gmail.com>
cniehaus = Carsten Niehaus <carsten.niehaus@gmail.com>
chrismorl = Chris Morley <c.morley@gaseq.co.uk>
mbanck = Michael Banck <mbanck@gmx.net>
baoilleach = Noel O'Boyle <baoilleach@gmail.com>
fabfont = Fabien Fontaine <ffontaine@gmail.com>
jbrefort = Jean Brefort <jean.brefort@normalesup.org>
petermr = Peter Murray-Rust <pm286@cam.ac.uk>
vincefn = Vincent Favre-Nicolin <vincefn@users.sourceforge.net>
kebekus = Stephen Kebekus <stefan.kebekus@web.de>
cjames53 = Craig James <cjames@emolecules.com>
kshepherd1 = Kevin Shepherd <scarletline@gmail.com>
dleidert = Daniel Leidert <daniel.leidert.spam@gmx.net>
wegner = Joerg Kurt Wegner <joerg.wegner@web.de>
jballanc = Joshua Ballanco <Joshua.Ballanco@stevens.edu>
bherger = Brian Herger <bherger@users.sourceforge.net>
reg8 = Richard Gillilan <reg8@cornell.edu>
pspendrin = Patrick Spendrin <ps_ml@gmx.de>
